keys,zh_CN,en
UI_SETTINGS,设置,Settings
UI_HAND_TYPES,牌型,Hand Types
UI_CLOSE,关闭,Close
UI_HAND_TYPES_POINT,点数,Count
UI_HAND_TYPES_NAME,牌型名称,Hand Type
UI_HAND_TYPES_DESCRIPTION,描述,Description
UI_HAND_TYPES_EXAMPLE,示例,Example
UI_GAME_SETTINGS,牌局设置,Game Settings
UI_PLAYER_COUNT,玩家数量,Players
UI_PLAYER_COUNT_OPTION,{count} 人,{count}P
UI_PLAYER_COUNT_SHORT,{count}人,{count}P
UI_GAME_SPEED,游戏速度,Game Speed
UI_SECTION_DISPLAY,显示,Display
UI_SECTION_SOUND,声音,Sound
UI_SECTION_GAME,游戏,Game
UI_SPEED_SLOW,慢,Slow
UI_SPEED_MEDIUM,中,Medium
UI_SPEED_FAST,快,Fast
UI_RESOLUTION,分辨率,Resolution
UI_WINDOW_MODE,显示模式,Display Mode
UI_WINDOWED,窗口,Windowed
UI_FULLSCREEN,全屏,Fullscreen
UI_LANGUAGE,语言,Language
UI_LANGUAGE_ZH_CN,简体中文,简体中文
UI_LANGUAGE_EN,English,English
UI_MASTER_VOLUME,总音量,Master Volume
UI_SFX_VOLUME,音效音量,SFX Volume
UI_MUSIC_VOLUME,音乐音量,Music Volume
UI_SHOW_STATUS_TEXT,显示提示文本,Show Status Text
UI_DOUBLE_CLICK_ACTIONS,双击出牌与过牌,Double-click Play and Pass
UI_DOUBLE_CLICK_HINT,左键双击除手牌之外的空白处出牌，右键双击空白处过牌,Double-click empty space with the left mouse button to play; double-click with the right mouse button to pass
UI_USE_SIMPLIFIED_CARDS,使用简化牌面,Use Simplified Cards
UI_AUTO_ROLL,自动掷骰子,Auto Roll
UI_AUTO_SKIP,自动跳过,Auto Skip
UI_AUTO_PLAY,自动打牌,Auto Play
UI_APPLY,应用,Apply
UI_CONTINUE,继续,Continue
UI_APPLY_SUCCESS,应用成功,Applied
UI_CANCEL,取消,Cancel
UI_EXIT_TO_MENU,退出到主界面,Exit to Main Menu
UI_CONFIRM_EXIT_MENU,确定返回主界面？,Return to main menu?
UI_CONFIRM_EXIT_GAME,确定退出游戏？,Exit the game?
UI_YES,是,Yes
UI_NO,否,No
UI_NEW_GAME,新牌局,New Game
UI_EXIT_GAME,退出游戏,Exit Game
UI_TUTORIAL,教程,Tutorial
UI_SINGLE_PLAYER,单人游戏,Single Player
UI_GAME_HEADER,BONUS | {mode}（{count}）,BONUS | {mode} ({count})
UI_GAME_SEED,种子 {seed},Seed {seed}
UI_MULTIPLAYER,多人游戏,Multiplayer
UI_START_GAME,开始游戏,Start Game
UI_CUSTOM_SEED,自定义种子,Custom Seed
UI_SEED_PLACEHOLDER,8位小写字母或数字,8 lowercase letters or digits
UI_SAVED_GAME_FOUND,发现未完成的牌局,Unfinished Game Found
UI_SAVED_GAME_PROMPT,是否继续上次的单人牌局？选择开始新游戏将覆盖旧存档。,Continue your previous single-player game? Starting new game will replace the old save.
UI_SAVED_GAME_META,{count} 人 · {seed},{count}P · {seed}
UI_SAVED_GAME_RULES,规则：{rules},Rules: {rules}
UI_SEED_SUMMARY_CUSTOM,自定义种子：{seed},Custom seed: {seed}
UI_SEED_SUMMARY_RANDOM,随机种子：{seed},Random seed: {seed}
UI_CONTINUE_GAME,继续上次牌局,Continue Game
UI_START_NEW_GAME,开始新牌局,Start New Game
UI_BACK,返回,Back
UI_BACK_TO_MENU,回到主菜单,Back to Main Menu
RULE_INCLUDE_JOKERS,牌堆包括大小王,Include Jokers
RULE_EXCLUDE_JOKERS,牌堆不含大小王,Exclude Jokers
RULE_JOKERS_WILD,大小王可作万能牌,Jokers Are Wild
RULE_JOKERS_NATURAL,大小王不作万能牌,Jokers Are Natural Cards
RULE_WILDCARD_FINISH_DRAW,最后一次出牌带有万能牌时摸两张,Draw Two After a Final Wildcard Play
RULE_WILDCARD_FINISH_NO_DRAW,万能牌收尾时不摸牌,No Draw After a Final Wildcard Play
RULE_SEQUENCE_WITH_TWO,顺子可以带 2,Straights Include 2
RULE_SEQUENCE_WITHOUT_TWO,顺子不带 2,Straights Exclude 2
RULE_VARIABLE_DRAW,未出牌时摸 7-x 张,Draw 7-x After All Pass
RULE_FIXED_DRAW,未出牌时摸 3 张,Draw 3 After All Pass
RULE_VARIABLE_DRAW_HINT,其中 x 是骰子点数；如果不启用则默认摸 3 张,x is the die value; when disabled the default draw is 3 cards
RULE_SHORT_JOKERS,大小王,Jokers
RULE_SHORT_WILDCARD,万能牌,Wildcards
RULE_SHORT_FINISH_LIMIT,绝杀限制,Final-play Restriction
RULE_SHORT_SEQUENCE_TWO,顺子带2,Straights +2
RULE_SHORT_VARIABLE_DRAW,摸牌张数可变,Variable Draw
UI_RECOMMEND,提示,Hint
UI_PASS,不出,Pass
UI_PLAY,出牌,Play
UI_RESTART,再来一把！,Play Again!
UI_GAME_OVER,牌局结束,Game Over
UI_DRAW_REMAINING,剩余 {count} 张,{count} remaining
UI_DICE_CLICK,点击任意位置掷骰,Click anywhere to roll
UI_DICE_WAIT,等待掷骰,Waiting
UI_DICE_VALUE,{value} 点,{value}
UI_DICE_ANY,任意点数,Any value
UI_PLAY_AREA_EMPTY,出牌区 · 暂无出牌,Play Area · Empty
UI_PLAY_AREA_PLAYED,出牌区 · {player}打出{hand_type},Play Area · {player} played {hand_type}
UI_HAND_TITLE,南家（你） · {count} 张,South (You) · {count} cards
UI_SELECTED_COUNT,已选 {count} 张,{count} selected
UI_SELECTED_TARGET,已选 {count} / {target},{count} / {target} selected
UI_SELECTED_BONUS,已选 {count} 张 · BONUS,{count} selected · BONUS
UI_HAND_TYPE_NONE,牌型：尚未选牌,Hand: No cards selected
UI_HAND_TYPE_INVALID,牌型：无效,Hand: Invalid
UI_HAND_TYPE_SINGLE,牌型：{hand_type},Hand: {hand_type}
UI_HAND_TYPE_MULTIPLE,可解读为：{hand_types},Possible: {hand_types}
UI_CHOOSE_INTERPRETATION,选择牌型解读,Choose Interpretation
UI_CHOOSE_INTERPRETATION_HINT,这组牌有多种合法解读，请指定本次出牌采用的牌型。,This play has several valid interpretations. Choose one.
UI_INTERPRETATION_OPTION,{hand_type} · 主体 {rank},{hand_type} · Main rank {rank}
UI_PASS_FEEDBACK,PASS,PASS
UI_BONUS_FEEDBACK,BONUS!,BONUS!
STATUS_CLICK_DICE,轮到南家，点击画面开始回合,South's turn. Click the screen to start.
STATUS_DEALING,正在发牌，双击画面可跳过,Dealing cards. Double-click to skip.
STATUS_TUTORIAL_DEALING,正在发牌...,Dealing cards...
STATUS_PREPARING_ROLL,{player}准备掷骰,{player} is preparing to roll
STATUS_ROLLING,{player}正在掷骰…,{player} is rolling...
STATUS_WINNER,{player}获胜,{player} wins
STATUS_BONUS,{player}获得 BONUS，必须打出至少一张合法牌,{player} has BONUS and must play at least one legal card
STATUS_MUST_COVER,{player}需要盖过{hand_type}，或选择不出,{player} must beat {hand_type} or pass
STATUS_MUST_PLAY,{player}需要打出 {count} 张合法牌，或选择不出,{player} must play {count} legal cards or pass
STATUS_NO_LEGAL_PLAY,当前没有可出的合法牌，请选择不出,No legal play is available. Choose Pass.
UI_CARD_SELECT_HINT,选择 / 取消选择 / 连选,Select / Deselect / Multi-select
UI_CARD_CLEAR_HINT,取消所有选择,Clear Selection
ERROR_PLAYER_COUNT,玩家人数必须为 2 至 4 人,Player count must be between 2 and 4
ERROR_CANNOT_ROLL,当前阶段不能掷骰子,The die cannot be rolled now
ERROR_DICE_RANGE,骰子点数必须为 1 至 6,Die value must be between 1 and 6
ERROR_CANNOT_PLAY,当前阶段不能出牌,Cards cannot be played now
ERROR_SELECT_CARDS,请先选择要出的牌,Select cards first
ERROR_CARDS_NOT_IN_HAND,选中的牌不在当前手牌中,The selected cards are not in this hand
ERROR_CARD_COUNT,出牌数量必须等于骰子点数,The card count must match the die
ERROR_INVALID_HAND,所选牌不能组成合法牌型,The selected cards do not form a legal hand
ERROR_CANNOT_COVER,所选牌型不能盖过当前出牌,The selected hand cannot beat the current play
ERROR_INVALID_INTERPRETATION,所选牌型解读无效,The selected interpretation is invalid
ERROR_CANNOT_PASS,当前阶段不能选择不出,Pass is not available now
ERROR_BONUS_MUST_PLAY,BONUS 阶段必须打出至少一张牌,At least one card must be played during BONUS
ERROR_GAME_FINISHED,游戏已经结束,The game is already over
ERROR_PLAYER_NOT_FOUND,玩家不存在,Player does not exist
ERROR_NOT_PLAYER_TURN,还没有轮到该玩家,It is not this player's turn
EVENT_GAME_STARTED,牌局开始，南家先手,Game started. South goes first.
EVENT_ROLLED,{player} 掷出了 {value} 点,{player} rolled {value}
EVENT_PLAYED,{player} 打出{hand_type},{player} played {hand_type}
EVENT_JOKER_PENALTY,{player} 最后一手含万能牌，摸了 {count} 张,{player}'s final play used a wildcard and they draw {count}
EVENT_PASSED,{player} 选择不出,{player} passed
EVENT_ALL_PASSED,本回合无人出牌，{player} 摸了 {count} 张,No one played. {player} draws {count}
EVENT_NEXT_ROLLER,{player} 获得下一次掷骰,{player} rolls next
EVENT_BONUS,{player} 获得 BONUS，可打出任意合法牌型,{player} receives BONUS
EVENT_WINNER,{player} 打完了全部手牌,{player} played all cards
HAND_SINGLE,单张,Single
HAND_PAIR,对子,Pair
HAND_TRIPLE,三条,Triple
HAND_STRAIGHT_3,三张顺子,3-card Straight
HAND_STRAIGHT_4,四张顺子,4-card Straight
HAND_STRAIGHT_5,五张顺子,5-card Straight
HAND_STRAIGHT_6,六张顺子,6-card Straight
HAND_FOUR_KIND,四条,Four of a Kind
HAND_TRIPLE_WITH_ONE,三带一,Triple with One
HAND_PAIR_STRAIGHT_2,二连对,Two Consecutive Pairs
HAND_FIVE_KIND,五条,Five of a Kind
HAND_TRIPLE_WITH_PAIR,三带二,Triple with Pair
HAND_FOUR_WITH_ONE,四带一,Four with One
HAND_SIX_KIND,六条,Six of a Kind
HAND_FIVE_WITH_ONE,五带一,Five with One
HAND_FOUR_WITH_TWO,四带二,Four with Two
HAND_TRIPLE_WITH_TRIPLE,三带三,Triple with Triple
HAND_PAIR_STRAIGHT_3,三连对,Three Consecutive Pairs
HAND_DESC_SINGLE,任意一张牌。,Any single card.
HAND_DESC_PAIR,两张同点数牌；纯大小王可混合作为最高对子。,Two cards of one rank; natural jokers may be mixed as the highest pair.
HAND_DESC_TRIPLE,三张同点数牌；可盖过任意三张牌型；纯大小王可混合。,Three cards of one rank; beats any 3-card type; natural jokers may be mixed.
HAND_DESC_STRAIGHT,所有牌点数连续；是否可带 2 由本局规则决定。,All ranks are consecutive; the current rules decide whether 2 is allowed.
HAND_DESC_FOUR_KIND,四张同点数牌；可盖过任意四张牌型。,Four cards of one rank; beats any 4-card type.
HAND_DESC_TRIPLE_WITH_ONE,三条外加一张不同点数的牌。,A triple with one card of another rank.
HAND_DESC_PAIR_STRAIGHT,连续点数的对子组成连对。,Pairs of consecutive ranks.
HAND_DESC_FIVE_KIND,五张同点数牌；可盖过任意五张牌型。,Five cards of one rank; beats any 5-card type.
HAND_DESC_TRIPLE_WITH_PAIR,三条外加另一点数的对子。,A triple with a pair of another rank.
HAND_DESC_FOUR_WITH_ONE,四条外加一张不同点数的牌。,Four of a kind with one card of another rank.
HAND_DESC_SIX_KIND,六张同点数牌；可盖过任意六张牌型。,Six cards of one rank; beats any 6-card type.
HAND_DESC_FIVE_WITH_ONE,五条外加一张不同点数的牌。,Five of a kind with one card of another rank.
HAND_DESC_FOUR_WITH_TWO,四条外加两张非主体牌；附带牌可同点数或不同点数。,Four of a kind with two kickers; the kickers may match each other.
HAND_DESC_TRIPLE_WITH_TRIPLE,两个不同点数的三条。,Two triples of different ranks.
HAND_UNKNOWN,未知牌型,Unknown Hand
SEAT_SOUTH,南家,South
SEAT_NORTH,北家,North
SEAT_WEST,西家,West
SEAT_EAST,东家,East
CARD_JOKER_SMALL,小王,Black Joker
CARD_JOKER_BIG,大王,Red Joker
CARD_SUIT_CLUBS,梅花,Clubs
CARD_SUIT_DIAMONDS,方块,Diamonds
CARD_SUIT_HEARTS,红心,Hearts
CARD_SUIT_SPADES,黑桃,Spades
AI_STRATEGY_BASE,基础策略,Base Strategy
AI_STRATEGY_DEFAULT,默认策略,Default Strategy
AI_STRATEGY_TUTORIAL,教程策略,Tutorial Strategy
LAN_TITLE,局域网联机,LAN Multiplayer
LAN_PLAYER_ID,玩家 ID,Player ID
LAN_CREATE_ROOM,创建房间,Host Room
LAN_JOIN_ROOM,加入房间,Join Room
LAN_CREATE,创建,Create
LAN_JOIN,加入,Join
LAN_ADDRESS,房主 IP 地址,Host IP Address
LAN_PORT,端口,Port
LAN_TURN_TIMER,回合读秒,Turn Timer
LAN_READY,准备,Ready
LAN_UNREADY,取消准备,Cancel Ready
LAN_ADD_AI,添加 AI,Add AI
LAN_KICK,踢出,Kick
LAN_LEAVE_ROOM,离开房间,Leave Room
LAN_MEMBERS,房间成员,Room Members
LAN_MEMBERS_COUNT,房间成员 | {current} / {capacity},Room Members | {current} / {capacity}
LAN_SECONDS_SHORT,{seconds}秒,{seconds}s
LAN_ROOM_SUMMARY,{count} 人 · 每回合 {timeout} 秒 · 种子 {seed},{count}P · {timeout}s turns · Seed {seed}
LAN_MEMBER_READY,已准备,Ready
LAN_MEMBER_NOT_READY,未准备,Not Ready
LAN_STATUS_CONNECTING,正在连接房主……,Connecting to host...
LAN_STATUS_DISCONNECTED,连接已断开,Disconnected
LAN_ERROR_PLAYER_ID_REQUIRED,请输入有效的玩家 ID,Enter a valid player ID
LAN_ERROR_INVALID_PORT,端口必须在 1024 至 65535 之间,Port must be between 1024 and 65535
LAN_ERROR_ADDRESS_REQUIRED,请输入房主的 IP 地址,Enter the host IP address
LAN_ERROR_INVALID_SEED,种子必须是 8 位小写字母或数字,Seed must contain 8 lowercase letters or digits
LAN_ERROR_CREATE_SERVER,无法创建局域网房间,Could not create the LAN room
LAN_ERROR_CONNECT_FAILED,无法连接到房主,Could not connect to the host
LAN_ERROR_ROOM_NOT_JOINABLE,房间不存在、已关闭或对局已经开始,The room is unavailable or the match has started
LAN_ERROR_ROOM_FULL,房间已满,The room is full
LAN_ERROR_DUPLICATE_PLAYER_ID,该玩家 ID 已在房间中,That player ID is already in the room
LAN_ERROR_PROTOCOL_MISMATCH,客户端与房主的游戏版本不兼容,Client and host versions are incompatible
LAN_ERROR_MEMBER_NOT_FOUND,未找到该房间成员,Room member not found
LAN_ERROR_GAME_ALREADY_STARTED,对局已经开始,The match has already started
LAN_ERROR_SEAT_UNAVAILABLE,该位置不可用,That seat is unavailable
LAN_ERROR_CANNOT_REMOVE_HOST,不能移除房主,The host cannot be removed
LAN_ERROR_SEATS_OCCUPIED,人数变更会移除已有玩家,Changing player count would remove an occupied seat
LAN_ERROR_NOT_ALL_READY,所有位置必须有人且全部准备后才能开始,Every seat must be occupied and ready before starting
LAN_ERROR_KICKED,你已被房主移出房间,You were removed by the host
LAN_ERROR_HOST_DISCONNECTED,房主已断线，对局结束,The host disconnected and the match ended
LAN_STATUS_TURN_TIME,剩余 {seconds} 秒,{seconds}s remaining
LAN_STATUS_PLAYER_DISCONNECTED,{player} 已断线，AI 正在接管,{player} disconnected; AI is taking over
LAN_HAND_TITLE,{player}（你） · {count} 张,{player} (You) · {count} cards
LAN_EDIT_ROOM,房间设置,Room Settings
LAN_APPLY_ROOM,应用房间设置,Apply Room Settings
LAN_HOST_ENDPOINT,局域网地址：{address}:{port},LAN address: {address}:{port}
LAN_ROOM_TITLE,局域网房间,LAN Room
LAN_ROOM_INFO,房间信息,Room Information
LAN_ENDPOINT_LABEL,局域网地址,LAN Address
LAN_RULES,房间规则,Room Rules
LAN_SECONDS,{seconds} 秒,{seconds}s
UI_SEED,种子,Seed
TUTORIAL_WELCOME,你好啊！欢迎来到BONUS！,Hello! Welcome to BONUS!
TUTORIAL_INTRO_GOAL,"BONUS是一款将骰子和扑克玩法结合在一起的扑克游戏，适合2至4人。在玩法上类似于“斗地主”等传统扑克玩法；在一局游戏里，谁先将手牌打完谁就获胜。","BONUS is a card game that combines dice and playing cards for 2 to 4 players. Like traditional shedding games such as Dou Dizhu, the first player to empty their hand wins."
TUTORIAL_DEAL_AND_RANKS,"游戏一共会用到包括大小王的两副牌，一共108张，开始每人会发到17张。其中，3最小，然后是4、5、...、K、A，一直到最大的2。跟花色没有关系。\n不过「小王」和「大王」在单独打出或成对打出的时候可以比2大，也可以放在其它牌型里当作「万能牌」。","The game uses two complete decks including jokers, for 108 cards total. Each player starts with 17 cards. Rank is independent of suit: 3 is the lowest, followed by 4, 5, ..., K, A, and finally 2.\nWhen played alone or as a pair, the small and big jokers can beat 2. They can also act as wildcards within other hand types."
TUTORIAL_FIRST_ROLL,"每一局游戏会从你开始。轮到任何一个人的时候，都要先投掷一枚「骰子」，并根据骰子的点数选择出牌或过牌。点击屏幕任意位置即可投骰子。","Every match starts with you. At the start of a player's round they roll a die, then either play or pass based on the result. Click anywhere on the screen to roll."
TUTORIAL_ROLLED_FIVE,"哦，是5！那就说明现在需要打出5张牌——你可以选择「四带一」、「三带二」，或者「顺子」，也就是五张连续的牌。","Oh, a 5! You now need to play five cards: four with one, a triple with a pair, or a straight of five consecutive cards."
TUTORIAL_ACTION_HELP,"用「鼠标左键」选中你想打出的牌，之后点击上方的「出牌」按钮，就能将牌打出到中间。之后你的对手会尝试跟你的牌。\n当然，你也可以选择不出，那么点击「不出」按钮即可。此时对手可以按照你的点数出牌。","Use the left mouse button to select the cards you want to play, then click Play above to send them to the center. Your opponents will then try to beat your hand.\nYou may also choose not to play by clicking Pass. Your opponents may then play according to your die result."
TUTORIAL_BONUS_HUMAN,"哇，你触发了一次BONUS！这是在你的回合中，你打出的牌被「全部PASS」的时候所触发的特殊阶段。在BONUS阶段你可以任意出牌一次，不过依然要符合规则里的牌型。以及，BONUS不会连续触发，接下来无论如何还是要投骰子。","Wow, you triggered BONUS! This special phase begins when everyone passes after a play made in your round. During BONUS you may play any one legal hand. BONUS cannot trigger consecutively; the next round still begins with a die roll."
TUTORIAL_BONUS_OTHER,"哇，有人触发了一次BONUS！这是在某人回合中，其打出的牌被「全部PASS」的时候所触发的特殊阶段。在BONUS阶段可以任意出牌一次，不过依然要符合规则里的牌型。以及，BONUS不会连续触发，接下来无论如何还是要投骰子。","Wow, another player triggered BONUS! This special phase begins when everyone passes after a play made in a player's round. During BONUS they may play any one legal hand. BONUS cannot trigger consecutively; the next round still begins with a die roll."
TUTORIAL_FORCED_DRAW,"哦......看来大家都不是很想要出牌。那么你只能摸三张牌了。摸完牌后，会逆时针轮到下一位玩家。","Oh... it looks like nobody wanted to play. You must draw three cards. After drawing, play continues counterclockwise with the next player."
TUTORIAL_FORCED_DRAW_OTHER,"哦......看来大家都不是很想要出牌。这个时候最开始投骰子的玩家会摸三张牌。摸完牌后，会逆时针轮到下一位玩家。","Oh... it looks like nobody wanted to play. In this case, the player who rolled the die at the start of the round draws three cards. Afterward, play continues counterclockwise with the next player."
TUTORIAL_NEXT_PLAYER,"轮到其它玩家也一样，先投骰子，再根据骰子的结果出牌，或者不出。","Other players follow the same sequence: roll first, then play according to the result or pass."
TUTORIAL_COVERING_RULES,"出牌的时候，需要在牌型相同的情况下（三/四/五/六条除外）用点数更大的牌盖过其他人的牌，最后谁的牌最大，就由谁继续下一个回合——继续投骰子，出牌......如此往复，直到有人把牌打完。","To cover a play, use a higher-ranked hand of the same type. Three-, four-, five-, and six-of-a-kind are exceptions: they can beat other hand types with the same card count. Whoever played the highest hand leads the next round, rolls, and plays again. This continues until someone empties their hand."
TUTORIAL_JOKER_REMINDER,"以及，再提醒你一下：大小王可以当万能牌哦！但是如果在最后一次出牌的时候使用了万能牌，就会再摸两张牌......\n如果你对牌型有疑问，可以点击右上角的「牌型」查看详情。在「设置」里也可以调整一些游戏的内容。","One more reminder: jokers can act as wildcards! But if your final play uses a wildcard, you'll draw two more cards...\nIf you are unsure about a hand type, click Hand Types in the top-right corner for details. You can also adjust parts of the game under Settings."
TUTORIAL_COMPLETE,"接下来就靠你自己打了，祝你好运！","The rest is up to you. Good luck!"
UI_STATISTICS,统计数据,Statistics
UI_STATS_MATCHES,对局概览,Match Overview
UI_STATS_GAMES,对局数,Games
UI_STATS_WINS,胜利数,Wins
UI_STATS_WIN_RATE,胜率,Win Rate
UI_STATS_STREAKS,连胜,Win Streaks
UI_STATS_CURRENT_STREAK,当前连胜,Current Streak
UI_STATS_BEST_STREAK,连胜纪录,Best Streak
UI_STATS_NEW_RECORD,新纪录！,NEW RECORD!
UI_STATS_ACTIONS,操作统计,Action Statistics
UI_STATS_PLAY_ACTIONS,出牌次数,Plays
UI_STATS_TOTAL_DICE,总掷骰次数,Total Rolls
UI_STATS_TOTAL_BONUS,总 BONUS 次数,Total BONUS
UI_STATS_AVERAGE_CARDS,平均出牌张数,Avg. Cards / Play
UI_RESULT_PLAYS,本局出牌,Plays
UI_RESULT_DICE,本局掷骰,Rolls
UI_RESULT_AVERAGE,平均张数,Avg. Cards
UI_RESULT_BONUS,本局 BONUS,BONUS
